id;name;company_name;email;phone_number;wechat_id
1;Bacon;Designer;"'{bh@9.P,9";implement leading-edge Sleek;application Executive alliance
2;backing Account;Trafficway global Analyst;"&dobr,@e(K.2YND";override;Representative
3;ザイール Frozen;Ethiopian evolve Communications;"$Z^71e@9uq.(N!MZr";copy bypassing Architect;experiences Soap 山形県
4;bandwidth;reboot groupware Internal;"%_U@r.pt";Salad wireless Buckinghamshire;Upgradable transmitting Cambridgeshire
5;bus;visualize;"3,@z%{6f.,qEh";AI SDD;applications
6;bandwidth Loan;Re-engineered dynamic 3rd;"WN2>@a.T";宮崎県;orchestration 山梨県
7;neural Representative Ball;ラオス Kids;"lv@d.J.";Operations;AGP copy
8;Plastic Investor;Rustic Global;"!d@N(X.ouHQf";Reactive Vista;Handmade black CSS
9;Concrete;mint TCP back-end;"snF@`'Swl.kd}9";Generic relationships connecting;RSS e-services
10;application Developer loyalty;Shoes;",}@gaF.V";turquoise payment Bahamian;Dynamic
